campaign_id,platform,start_date,end_date,target_zip,target_demographic,ad_creative_id,impressions,clicks,leads,appointments_booked,appointments_completed,total_spend,total_revenue,cpl,cpa,roas,profit
CAMP1000,email,2025-09-19,2025-09-28,11211,55+,CREATIVE468,5307,160,47,24,18,293,7200,6,16,24.59,6907
CAMP1001,organic,2025-08-15,2025-09-27,11211,55+,CREATIVE854,46624,2081,633,317,238,0,95200,0,0,0,95200
CAMP1002,referral,2025-08-04,2025-09-20,11211,25-34,CREATIVE546,24156,1117,572,286,215,0,86000,0,0,0,86000
CAMP1003,organic,2025-08-18,2025-09-25,90210,45-54,CREATIVE287,26640,379,107,75,68,0,44200,0,0,0,44200
CAMP1004,organic,2025-07-19,2025-09-17,11211,45-54,CREATIVE891,17866,885,225,113,85,0,34000,0,0,0,34000
CAMP1005,organic,2025-09-12,2025-09-16,11101,55+,CREATIVE165,16857,338,89,45,34,0,13600,0,0,0,13600
CAMP1006,instagram,2025-08-26,2025-09-03,90210,35-44,CREATIVE820,6230,118,19,13,12,1931,7800,102,161,4.04,5869
CAMP1007,organic,2025-08-21,2025-09-15,90210,55+,CREATIVE836,24140,1032,259,181,163,0,105950,0,0,0,105950
CAMP1008,referral,2025-09-04,2025-09-27,11211,45-54,CREATIVE266,28431,1387,516,258,194,0,77600,0,0,0,77600
CAMP1009,instagram,2025-07-10,2025-09-18,07302,55+,CREATIVE308,6388,86,11,6,5,1584,2000,144,317,1.26,416
CAMP1010,facebook,2025-08-20,2025-09-10,10021,55+,CREATIVE715,35255,995,198,139,125,14344,81250,72,115,5.66,66906
CAMP1011,facebook,2025-08-11,2025-09-08,07302,55+,CREATIVE273,29059,1103,208,104,78,16579,31200,80,213,1.88,14621
CAMP1012,email,2025-08-11,2025-08-31,11211,45-54,CREATIVE601,17553,484,149,75,56,1050,22400,7,19,21.34,21350
CAMP1013,facebook,2025-09-26,2025-09-17,90210,25-34,CREATIVE583,34327,1066,164,115,104,14965,67600,91,144,4.52,52635
CAMP1014,organic,2025-09-22,2025-09-24,11101,35-44,CREATIVE454,43594,1467,406,203,152,0,60800,0,0,0,60800
CAMP1015,referral,2025-08-16,2025-09-16,10021,35-44,CREATIVE195,44437,1646,733,513,462,0,300300,0,0,0,300300
CAMP1016,google,2025-09-28,2025-09-30,11101,55+,CREATIVE405,11409,301,65,33,25,7817,10000,120,313,1.28,2183
CAMP1017,instagram,2025-09-23,2025-08-31,11101,25-34,CREATIVE328,30382,477,61,31,23,7982,9200,131,347,1.15,1218
CAMP1018,facebook,2025-09-25,2025-09-12,10453,45-54,CREATIVE676,13687,458,92,46,35,6668,14000,72,191,2.1,7332
CAMP1019,email,2025-08-26,2025-09-09,90210,45-54,CREATIVE665,39130,762,243,170,153,1532,99450,6,10,64.91,97918
CAMP1020,instagram,2025-07-17,2025-09-14,90210,45-54,CREATIVE406,28516,1322,232,162,146,23448,94900,101,161,4.05,71452
CAMP1021,tiktok,2025-07-11,2025-09-23,11101,35-44,CREATIVE920,29365,947,78,39,29,10263,11600,132,354,1.13,1337
CAMP1022,organic,2025-09-02,2025-09-17,07302,45-54,CREATIVE976,18012,534,134,67,50,0,20000,0,0,0,20000
CAMP1023,tiktok,2025-07-12,2025-09-04,07302,55+,CREATIVE675,7920,128,12,6,5,1510,2000,126,302,1.32,490
CAMP1024,instagram,2025-09-15,2025-09-12,11030,55+,CREATIVE520,25836,465,77,54,49,7999,31850,104,163,3.98,23851
CAMP1025,referral,2025-09-22,2025-09-10,11101,45-54,CREATIVE648,12358,330,177,89,67,0,26800,0,0,0,26800
CAMP1026,email,2025-09-28,2025-09-28,10021,45-54,CREATIVE281,7126,315,113,79,71,645,46150,6,9,71.59,45505
CAMP1027,google,2025-09-18,2025-09-20,10021,55+,CREATIVE228,12895,829,185,130,117,18722,76050,101,160,4.06,57328
CAMP1028,referral,2025-07-23,2025-09-05,11211,55+,CREATIVE740,42423,1585,749,375,281,0,112400,0,0,0,112400
CAMP1029,instagram,2025-08-04,2025-09-26,90210,25-34,CREATIVE104,12089,465,72,50,45,8611,29250,120,191,3.4,20639
CAMP1030,facebook,2025-09-12,2025-09-03,11211,45-54,CREATIVE277,5976,230,46,23,17,3447,6800,75,203,1.97,3353
CAMP1031,referral,2025-08-23,2025-09-19,07302,55+,CREATIVE889,36096,364,134,67,50,0,20000,0,0,0,20000
CAMP1032,tiktok,2025-08-22,2025-09-21,10021,55+,CREATIVE542,5726,139,13,9,8,1806,5200,139,226,2.88,3394
CAMP1033,email,2025-08-29,2025-09-17,11211,55+,CREATIVE479,42429,2021,767,384,288,3993,115200,5,14,28.85,111207
CAMP1034,organic,2025-07-24,2025-09-18,11030,55+,CREATIVE924,35868,513,151,106,95,0,61750,0,0,0,61750
CAMP1035,tiktok,2025-08-27,2025-09-29,90210,45-54,CREATIVE206,24332,677,60,42,38,8120,24700,135,214,3.04,16580
CAMP1036,organic,2025-08-13,2025-09-24,11211,25-34,CREATIVE613,14235,320,108,54,41,0,16400,0,0,0,16400
CAMP1037,facebook,2025-09-04,2025-09-11,11101,55+,CREATIVE512,25941,299,63,32,24,4813,9600,76,201,1.99,4787
CAMP1038,tiktok,2025-09-08,2025-09-11,10021,55+,CREATIVE588,27555,828,86,60,54,10921,35100,127,202,3.21,24179
CAMP1039,email,2025-07-30,2025-09-14,11101,35-44,CREATIVE203,14859,593,187,94,71,1081,28400,6,15,26.26,27319
CAMP1040,referral,2025-09-02,2025-09-03,10453,45-54,CREATIVE668,9258,321,120,60,45,0,18000,0,0,0,18000
CAMP1041,tiktok,2025-08-28,2025-09-25,10021,45-54,CREATIVE651,7550,281,24,17,15,3370,9750,140,225,2.89,6380
CAMP1042,tiktok,2025-08-29,2025-09-13,11030,45-54,CREATIVE808,20125,344,38,27,24,4197,15600,110,175,3.72,11403
CAMP1043,organic,2025-07-11,2025-09-27,90210,55+,CREATIVE103,48914,1608,506,354,319,0,207350,0,0,0,207350
CAMP1044,organic,2025-07-31,2025-09-03,07302,25-34,CREATIVE133,32535,413,122,61,46,0,18400,0,0,0,18400
CAMP1045,organic,2025-09-14,2025-09-14,11101,25-34,CREATIVE968,16209,742,259,130,98,0,39200,0,0,0,39200
CAMP1046,referral,2025-09-20,2025-09-07,07302,35-44,CREATIVE784,1004,15,6,3,2,0,800,0,0,0,800
CAMP1047,email,2025-07-27,2025-09-17,11030,55+,CREATIVE242,27864,884,366,256,230,1812,149500,5,8,82.51,147688
CAMP1048,google,2025-07-24,2025-09-16,11101,25-34,CREATIVE337,38211,1661,413,207,155,41665,62000,101,269,1.49,20335
CAMP1049,organic,2025-07-20,2025-09-29,07302,35-44,CREATIVE929,40539,1463,451,226,170,0,68000,0,0,0,68000
CAMP1050,instagram,2025-09-02,2025-09-12,10453,25-34,CREATIVE897,8074,360,50,25,19,5867,7600,117,309,1.3,1733
CAMP1051,instagram,2025-07-09,2025-09-05,10453,45-54,CREATIVE351,29566,1400,202,101,76,27179,30400,135,358,1.12,3221
CAMP1052,organic,2025-09-26,2025-09-29,11101,45-54,CREATIVE339,2144,63,17,9,7,0,2800,0,0,0,2800
CAMP1053,google,2025-08-19,2025-09-14,11101,35-44,CREATIVE748,32577,1852,464,232,174,45674,69600,98,262,1.52,23926
CAMP1054,facebook,2025-07-26,2025-09-15,11030,45-54,CREATIVE812,36761,1048,202,141,127,16251,82550,80,128,5.08,66299
CAMP1055,facebook,2025-08-27,2025-09-22,07302,25-34,CREATIVE196,49013,1529,249,125,94,24753,37600,99,263,1.52,12847
CAMP1056,facebook,2025-09-01,2025-09-06,11030,35-44,CREATIVE697,18829,469,77,54,49,7418,31850,96,151,4.29,24432
CAMP1057,referral,2025-07-21,2025-09-20,10453,45-54,CREATIVE609,22434,501,237,119,89,0,35600,0,0,0,35600
CAMP1058,referral,2025-08-03,2025-09-27,11211,35-44,CREATIVE720,4407,214,92,46,35,0,14000,0,0,0,14000
CAMP1059,organic,2025-08-30,2025-09-15,07302,35-44,CREATIVE667,37265,753,235,118,89,0,35600,0,0,0,35600
CAMP1060,email,2025-07-27,2025-09-09,11030,45-54,CREATIVE716,49302,1958,757,530,477,3539,310050,5,7,87.61,306511
CAMP1061,email,2025-08-14,2025-09-13,10453,25-34,CREATIVE666,11560,434,157,79,59,833,23600,5,14,28.33,22767
CAMP1062,email,2025-09-29,2025-09-13,10021,35-44,CREATIVE705,28935,343,105,74,67,637,43550,6,10,68.4,42913
CAMP1063,organic,2025-07-09,2025-09-12,10021,25-34,CREATIVE256,24680,724,183,128,115,0,74750,0,0,0,74750
CAMP1064,instagram,2025-09-14,2025-09-21,10021,45-54,CREATIVE947,22448,822,123,86,77,13319,50050,108,173,3.76,36731
CAMP1065,facebook,2025-09-11,2025-09-25,07302,55+,CREATIVE113,4582,98,18,9,7,1494,2800,83,213,1.87,1306
CAMP1066,instagram,2025-09-07,2025-09-24,11211,45-54,CREATIVE380,8144,261,43,22,17,4805,6800,112,283,1.42,1995
CAMP1067,google,2025-08-02,2025-09-16,90210,55+,CREATIVE928,19604,1295,260,182,164,34420,106600,132,210,3.1,72180
CAMP1068,email,2025-09-05,2025-09-20,11101,45-54,CREATIVE988,22388,1095,453,227,170,2332,68000,5,14,29.15,65668
CAMP1069,tiktok,2025-07-06,2025-09-24,11211,45-54,CREATIVE444,18838,622,68,34,26,7318,10400,108,281,1.42,3082
CAMP1070,facebook,2025-09-14,2025-09-01,10453,45-54,CREATIVE775,25578,526,89,45,34,8217,13600,92,242,1.66,5383
CAMP1071,instagram,2025-07-07,2025-09-26,11101,55+,CREATIVE529,6914,232,41,21,16,3973,6400,97,248,1.61,2427
CAMP1072,facebook,2025-09-05,2025-09-24,10453,55+,CREATIVE424,24198,534,107,54,41,7467,16400,70,182,2.2,8933
CAMP1073,tiktok,2025-08-15,2025-09-23,11211,25-34,CREATIVE337,6090,113,11,6,5,1327,2000,121,265,1.51,673
CAMP1074,facebook,2025-07-23,2025-09-21,11101,25-34,CREATIVE301,39323,1298,258,129,97,18209,38800,71,188,2.13,20591
CAMP1075,instagram,2025-07-14,2025-09-25,90210,25-34,CREATIVE495,21963,667,93,65,59,11721,38350,126,199,3.27,26629
CAMP1076,facebook,2025-08-13,2025-09-10,11211,55+,CREATIVE177,26307,922,168,84,63,13448,25200,80,213,1.87,11752
CAMP1077,tiktok,2025-09-15,2025-09-24,11211,45-54,CREATIVE543,44394,1652,192,96,72,18419,28800,96,256,1.56,10381
CAMP1078,email,2025-07-15,2025-09-29,11101,35-44,CREATIVE223,36589,869,347,174,131,1846,52400,5,14,28.38,50554
CAMP1079,tiktok,2025-09-11,2025-09-02,07302,35-44,CREATIVE777,43139,707,61,31,23,8878,9200,146,386,1.04,322
CAMP1080,facebook,2025-07-23,2025-09-12,10021,55+,CREATIVE240,36245,880,159,111,100,13005,65000,82,130,5,51995
CAMP1081,facebook,2025-09-03,2025-09-28,07302,25-34,CREATIVE932,40888,728,149,75,56,10050,22400,67,179,2.23,12350
CAMP1082,organic,2025-08-28,2025-09-27,11211,45-54,CREATIVE234,44375,2175,683,342,257,0,102800,0,0,0,102800
CAMP1083,email,2025-08-15,2025-09-08,10453,45-54,CREATIVE117,13720,341,121,61,46,656,18400,5,14,28.07,17744
CAMP1084,instagram,2025-07-17,2025-09-24,90210,25-34,CREATIVE443,10534,415,65,46,41,8203,26650,126,200,3.25,18447
CAMP1085,referral,2025-07-23,2025-09-18,10021,25-34,CREATIVE721,20683,685,341,239,215,0,139750,0,0,0,139750
CAMP1086,tiktok,2025-07-24,2025-09-18,11101,35-44,CREATIVE371,7326,274,31,16,12,3270,4800,105,273,1.47,1530
CAMP1087,organic,2025-09-11,2025-09-04,11211,55+,CREATIVE824,47430,1211,342,171,128,0,51200,0,0,0,51200
CAMP1088,referral,2025-09-24,2025-09-28,11030,45-54,CREATIVE681,37016,747,319,223,201,0,130650,0,0,0,130650
CAMP1089,tiktok,2025-07-30,2025-09-20,11030,45-54,CREATIVE163,15008,567,52,36,32,7155,20800,138,224,2.91,13645
CAMP1090,tiktok,2025-09-08,2025-09-25,11211,45-54,CREATIVE530,19364,750,72,36,27,9718,10800,135,360,1.11,1082
CAMP1091,email,2025-07-24,2025-09-21,07302,25-34,CREATIVE517,4391,116,43,22,17,224,6800,5,13,30.32,6576
CAMP1092,email,2025-08-05,2025-09-02,07302,45-54,CREATIVE647,47628,2341,846,423,317,4554,126800,5,14,27.84,122246
CAMP1093,organic,2025-07-19,2025-09-02,10021,45-54,CREATIVE230,14403,640,209,146,131,0,85150,0,0,0,85150
CAMP1094,organic,2025-08-14,2025-09-07,10021,45-54,CREATIVE631,13906,561,196,137,123,0,79950,0,0,0,79950
CAMP1095,facebook,2025-08-06,2025-09-27,90210,55+,CREATIVE930,7452,360,54,38,34,5677,22100,105,167,3.89,16423
CAMP1096,facebook,2025-07-31,2025-09-23,11101,25-34,CREATIVE370,37193,1300,195,98,74,19379,29600,99,262,1.53,10221
CAMP1097,instagram,2025-09-16,2025-09-23,11030,25-34,CREATIVE608,17202,581,78,55,50,9783,32500,125,196,3.32,22717
CAMP1098,referral,2025-07-22,2025-09-06,11101,45-54,CREATIVE690,46340,1875,695,348,261,0,104400,0,0,0,104400
CAMP1099,tiktok,2025-08-08,2025-09-07,11101,25-34,CREATIVE438,48977,1123,107,54,41,13038,16400,122,318,1.26,3362
CAMP1100,google,2025-09-27,2025-09-17,07302,45-54,CREATIVE180,6509,161,39,20,15,4065,6000,104,271,1.48,1935
CAMP1101,instagram,2025-07-29,2025-09-14,11101,35-44,CREATIVE297,31000,1059,181,91,68,19014,27200,105,280,1.43,8186
CAMP1102,google,2025-07-13,2025-09-13,11211,45-54,CREATIVE640,4936,243,45,23,17,5923,6800,132,348,1.15,877
CAMP1103,instagram,2025-09-17,2025-09-19,10021,35-44,CREATIVE176,34790,764,92,64,58,14809,37700,161,255,2.55,22891
CAMP1104,tiktok,2025-08-20,2025-09-21,10453,45-54,CREATIVE139,42237,1595,145,73,55,20287,22000,140,369,1.08,1713
CAMP1105,instagram,2025-09-05,2025-09-14,90210,45-54,CREATIVE955,22571,510,90,63,57,9537,37050,106,167,3.88,27513
CAMP1106,organic,2025-07-29,2025-09-13,90210,25-34,CREATIVE644,42739,1495,486,340,306,0,198900,0,0,0,198900
CAMP1107,facebook,2025-09-17,2025-09-15,90210,45-54,CREATIVE563,21363,472,68,48,43,6828,27950,100,159,4.09,21122
CAMP1108,facebook,2025-07-02,2025-09-27,90210,35-44,CREATIVE432,29841,493,94,66,59,7899,38350,84,134,4.85,30451
CAMP1109,email,2025-09-21,2025-09-02,10021,45-54,CREATIVE839,3570,95,32,22,20,190,13000,6,10,68.36,12810
CAMP1110,instagram,2025-07-09,2025-09-04,11030,25-34,CREATIVE353,17914,881,142,99,89,16057,57850,113,180,3.6,41793
CAMP1111,facebook,2025-08-03,2025-09-25,10453,45-54,CREATIVE314,43942,1624,315,158,119,23390,47600,74,197,2.04,24210
CAMP1112,google,2025-09-06,2025-09-25,07302,45-54,CREATIVE626,44489,1202,260,130,98,29200,39200,112,298,1.34,10000
CAMP1113,google,2025-08-25,2025-09-05,11211,55+,CREATIVE921,22553,1029,267,134,101,26014,40400,97,258,1.55,14386
CAMP1114,instagram,2025-07-23,2025-09-13,11101,45-54,CREATIVE346,30891,1048,185,93,70,19328,28000,104,276,1.45,8672
CAMP1115,instagram,2025-08-31,2025-09-14,90210,55+,CREATIVE827,18209,324,45,31,28,6108,18200,136,218,2.98,12092
CAMP1116,email,2025-08-11,2025-09-12,11211,25-34,CREATIVE257,5024,120,41,21,16,263,6400,6,16,24.29,6137
CAMP1117,google,2025-09-10,2025-09-17,11211,55+,CREATIVE700,32687,836,195,98,74,22520,29600,115,304,1.31,7080
CAMP1118,organic,2025-08-16,2025-09-12,10453,35-44,CREATIVE285,9758,172,54,27,20,0,8000,0,0,0,8000
CAMP1119,tiktok,2025-09-22,2025-09-13,07302,45-54,CREATIVE391,38121,1614,169,85,64,17769,25600,105,278,1.44,7831
CAMP1120,facebook,2025-09-09,2025-09-21,07302,55+,CREATIVE309,17091,329,68,34,26,4617,10400,68,178,2.25,5783
CAMP1121,tiktok,2025-09-15,2025-09-23,10453,35-44,CREATIVE327,47247,1506,127,64,48,18991,19200,150,396,1.01,209
CAMP1122,facebook,2025-08-25,2025-09-19,90210,25-34,CREATIVE683,28391,1244,229,160,144,19882,93600,87,138,4.71,73718
CAMP1123,tiktok,2025-07-21,2025-09-26,07302,35-44,CREATIVE775,15647,779,92,46,35,9854,14000,107,282,1.42,4146
CAMP1124,email,2025-09-08,2025-09-15,10021,35-44,CREATIVE615,15798,494,192,134,121,952,78650,5,8,82.6,77698
CAMP1125,google,2025-08-28,2025-09-27,10021,55+,CREATIVE337,28689,1097,276,193,174,25976,113100,94,149,4.35,87124
CAMP1126,tiktok,2025-08-16,2025-09-24,11211,55+,CREATIVE659,19192,328,32,16,12,3666,4800,115,306,1.31,1134
CAMP1127,email,2025-08-30,2025-09-14,11211,55+,CREATIVE883,27233,876,329,165,124,1594,49600,5,13,31.12,48006
CAMP1128,instagram,2025-09-20,2025-08-31,90210,25-34,CREATIVE461,44304,779,123,86,77,14136,50050,115,184,3.54,35914
CAMP1129,facebook,2025-08-22,2025-09-20,11030,25-34,CREATIVE937,48005,1137,192,134,121,16878,78650,88,139,4.66,61772
CAMP1130,facebook,2025-09-19,2025-09-17,11211,55+,CREATIVE728,8956,318,52,26,20,5231,8000,101,262,1.53,2769
CAMP1131,instagram,2025-08-12,2025-09-19,90210,55+,CREATIVE770,12876,337,41,29,26,6303,16900,154,242,2.68,10597
CAMP1132,facebook,2025-08-05,2025-09-30,07302,45-54,CREATIVE256,35028,1682,350,175,131,24779,52400,71,189,2.11,27621
CAMP1133,google,2025-09-03,2025-09-02,10021,45-54,CREATIVE328,46297,2894,537,376,338,75134,219700,140,222,2.92,144566
CAMP1134,instagram,2025-09-06,2025-09-27,10021,45-54,CREATIVE918,16715,282,45,31,28,4886,18200,109,174,3.73,13314
CAMP1135,facebook,2025-07-07,2025-09-12,10021,45-54,CREATIVE296,10207,231,35,25,23,3635,14950,104,158,4.11,11315
CAMP1136,google,2025-09-01,2025-09-20,07302,35-44,CREATIVE417,14868,609,119,60,45,15795,18000,133,351,1.14,2205
CAMP1137,organic,2025-08-25,2025-09-24,11101,55+,CREATIVE786,17167,461,115,58,44,0,17600,0,0,0,17600
CAMP1138,facebook,2025-09-10,2025-09-22,11211,45-54,CREATIVE404,31587,381,67,34,26,6020,10400,90,232,1.73,4380
CAMP1139,tiktok,2025-08-07,2025-09-14,11030,25-34,CREATIVE622,45375,1038,105,74,67,13131,43550,125,196,3.32,30419
CAMP1140,google,2025-09-02,2025-09-23,07302,45-54,CREATIVE677,34180,1028,268,134,101,28171,40400,105,279,1.43,12229
CAMP1141,referral,2025-08-16,2025-09-27,10021,25-34,CREATIVE244,22328,262,115,81,73,0,47450,0,0,0,47450
CAMP1142,referral,2025-08-25,2025-09-26,07302,25-34,CREATIVE871,20376,815,328,164,123,0,49200,0,0,0,49200
CAMP1143,facebook,2025-09-29,2025-09-23,11030,25-34,CREATIVE544,37254,494,94,66,59,7407,38350,79,126,5.18,30943
CAMP1144,organic,2025-09-04,2025-09-11,90210,35-44,CREATIVE691,3847,158,47,33,30,0,19500,0,0,0,19500
CAMP1145,google,2025-07-28,2025-09-16,90210,45-54,CREATIVE424,48720,1049,193,135,122,28105,79300,146,230,2.82,51195
CAMP1146,organic,2025-08-23,2025-09-25,90210,25-34,CREATIVE794,3817,114,34,24,22,0,14300,0,0,0,14300
CAMP1147,facebook,2025-08-26,2025-09-18,11211,35-44,CREATIVE409,5070,95,17,9,7,1418,2800,83,203,1.97,1382
CAMP1148,facebook,2025-09-26,2025-09-13,10021,45-54,CREATIVE243,41781,750,134,94,85,11640,55250,87,137,4.75,43610
CAMP1149,email,2025-07-09,2025-08-31,11030,55+,CREATIVE391,14487,344,120,84,76,661,49400,6,9,74.72,48739
CAMP1150,google,2025-08-22,2025-09-16,11030,45-54,CREATIVE504,26282,1463,369,258,232,36653,150800,99,158,4.11,114147
CAMP1151,facebook,2025-07-18,2025-09-02,11030,25-34,CREATIVE116,12956,155,27,19,17,2202,11050,82,130,5.02,8848
CAMP1152,referral,2025-08-14,2025-09-18,11101,35-44,CREATIVE117,33557,556,297,149,112,0,44800,0,0,0,44800
CAMP1153,email,2025-08-17,2025-09-01,11030,45-54,CREATIVE191,12407,523,191,134,121,1074,78650,6,9,73.22,77576
CAMP1154,google,2025-09-30,2025-09-13,90210,55+,CREATIVE567,15025,347,66,46,41,8054,26650,122,196,3.31,18596
CAMP1155,email,2025-08-09,2025-09-20,07302,45-54,CREATIVE505,12753,450,185,93,70,878,28000,5,13,31.9,27122
CAMP1156,instagram,2025-07-25,2025-09-06,90210,45-54,CREATIVE112,31920,911,144,101,91,16823,59150,117,185,3.52,42327
CAMP1157,tiktok,2025-09-22,2025-09-29,11030,45-54,CREATIVE550,11690,484,49,34,31,5701,20150,116,184,3.53,14449
CAMP1158,google,2025-08-13,2025-09-29,90210,25-34,CREATIVE729,43933,1359,275,193,174,33938,113100,123,195,3.33,79162
CAMP1159,google,2025-08-20,2025-09-21,07302,35-44,CREATIVE959,25144,1720,352,176,132,42011,52800,119,318,1.26,10789
CAMP1160,email,2025-07-15,2025-09-12,10453,35-44,CREATIVE676,45461,1719,558,279,209,3538,83600,6,17,23.63,80062
CAMP1161,google,2025-08-29,2025-09-23,07302,25-34,CREATIVE474,11238,391,70,35,26,9644,10400,138,371,1.08,756
CAMP1162,google,2025-09-07,2025-09-13,10021,55+,CREATIVE503,5437,95,17,12,11,2208,7150,130,201,3.24,4942
CAMP1163,facebook,2025-09-14,2025-09-21,90210,25-34,CREATIVE267,30996,1529,319,223,201,23630,130650,74,118,5.53,107020
CAMP1164,instagram,2025-08-16,2025-09-12,11101,55+,CREATIVE196,42857,557,87,44,33,10140,13200,117,307,1.3,3060
CAMP1165,tiktok,2025-08-29,2025-09-08,11101,45-54,CREATIVE812,41947,2044,184,92,69,23024,27600,125,334,1.2,4576
CAMP1166,referral,2025-07-04,2025-08-31,10021,35-44,CREATIVE967,13874,350,145,102,92,0,59800,0,0,0,59800
CAMP1167,facebook,2025-08-02,2025-09-12,90210,35-44,CREATIVE229,19765,312,64,45,41,5136,26650,80,125,5.19,21514
CAMP1168,google,2025-07-07,2025-09-05,11211,55+,CREATIVE869,19251,1267,247,124,93,30688,37200,124,330,1.21,6512
CAMP1169,referral,2025-08-22,2025-09-15,07302,25-34,CREATIVE666,30039,1456,584,292,219,0,87600,0,0,0,87600
CAMP1170,referral,2025-08-08,2025-09-11,10453,35-44,CREATIVE366,11766,516,210,105,79,0,31600,0,0,0,31600
CAMP1171,organic,2025-07-30,2025-09-02,10453,45-54,CREATIVE205,43206,1496,521,261,196,0,78400,0,0,0,78400
CAMP1172,email,2025-07-03,2025-09-07,90210,35-44,CREATIVE548,26714,833,295,207,186,1738,120900,6,9,69.58,119162
CAMP1173,tiktok,2025-09-23,2025-09-23,11030,35-44,CREATIVE433,41420,1699,169,118,106,21325,68900,126,201,3.23,47575
CAMP1174,email,2025-07-09,2025-09-29,11030,35-44,CREATIVE216,10239,122,37,26,23,240,14950,6,10,62.37,14710
CAMP1175,email,2025-08-17,2025-09-04,11211,45-54,CREATIVE465,48305,1922,649,325,244,3865,97600,6,16,25.25,93735
CAMP1176,email,2025-08-14,2025-08-31,11030,55+,CREATIVE297,36769,1591,506,354,319,3483,207350,7,11,59.53,203867
CAMP1177,instagram,2025-09-17,2025-09-01,10021,35-44,CREATIVE586,9421,100,17,12,11,1711,7150,101,156,4.18,5439
CAMP1178,email,2025-07-09,2025-09-27,10021,45-54,CREATIVE722,41788,1413,401,281,253,3063,164450,8,12,53.69,161387
CAMP1179,instagram,2025-07-07,2025-09-15,07302,25-34,CREATIVE503,42583,1466,188,94,71,24826,28400,132,350,1.14,3574
CAMP1180,email,2025-08-01,2025-09-08,11211,55+,CREATIVE582,37941,772,260,130,98,1408,39200,5,14,27.83,37792
CAMP1181,instagram,2025-08-26,2025-09-22,11101,45-54,CREATIVE290,29148,346,48,24,18,6745,7200,141,375,1.07,455
CAMP1182,referral,2025-07-19,2025-09-18,11101,55+,CREATIVE547,24659,842,346,173,130,0,52000,0,0,0,52000
CAMP1183,instagram,2025-09-23,2025-09-18,90210,55+,CREATIVE230,10332,495,70,49,44,9664,28600,138,220,2.96,18936
CAMP1184,organic,2025-09-05,2025-09-01,10453,55+,CREATIVE685,2261,34,11,6,5,0,2000,0,0,0,2000
CAMP1185,instagram,2025-08-20,2025-09-28,10021,35-44,CREATIVE536,14840,335,55,39,35,5467,22750,99,156,4.16,17283
CAMP1186,email,2025-07-10,2025-09-16,11211,45-54,CREATIVE434,6308,203,58,29,22,368,8800,6,17,23.93,8432
CAMP1187,organic,2025-09-14,2025-09-01,11101,45-54,CREATIVE521,33272,1019,267,134,101,0,40400,0,0,0,40400
CAMP1188,google,2025-07-29,2025-09-24,11101,35-44,CREATIVE702,29025,564,110,55,41,13046,16400,119,318,1.26,3354
CAMP1189,referral,2025-08-08,2025-09-24,10453,55+,CREATIVE118,17856,388,142,71,53,0,21200,0,0,0,21200
CAMP1190,email,2025-09-07,2025-09-17,90210,45-54,CREATIVE721,33126,565,180,126,113,1108,73450,6,10,66.26,72342
CAMP1191,instagram,2025-09-08,2025-09-03,11211,25-34,CREATIVE838,31883,1253,223,112,84,20662,33600,93,246,1.63,12938
CAMP1192,tiktok,2025-08-13,2025-09-16,10021,35-44,CREATIVE586,39375,1920,205,144,130,20807,84500,101,160,4.06,63693
CAMP1193,instagram,2025-08-17,2025-09-13,11030,55+,CREATIVE650,26517,401,63,44,40,7646,26000,121,191,3.4,18354
CAMP1194,organic,2025-07-31,2025-09-13,10453,35-44,CREATIVE370,22373,410,132,66,50,0,20000,0,0,0,20000
CAMP1195,referral,2025-08-09,2025-09-04,10453,55+,CREATIVE390,42843,986,368,184,138,0,55200,0,0,0,55200
CAMP1196,email,2025-09-18,2025-09-18,11030,55+,CREATIVE873,12148,485,181,127,114,897,74100,5,8,82.65,73203
CAMP1197,email,2025-08-19,2025-09-29,10453,35-44,CREATIVE146,18684,838,290,145,109,1641,43600,6,15,26.57,41959
CAMP1198,google,2025-07-03,2025-09-13,10453,25-34,CREATIVE793,21562,765,143,72,54,17536,21600,123,325,1.23,4064
CAMP1199,email,2025-09-13,2025-09-10,11030,25-34,CREATIVE844,29028,475,151,106,95,1015,61750,7,11,60.84,60735
CAMP1200,facebook,2025-07-26,2025-09-21,10453,45-54,CREATIVE776,14950,610,96,48,36,9861,14400,103,274,1.46,4539
CAMP1201,organic,2025-08-27,2025-09-12,11101,25-34,CREATIVE715,32771,1607,408,204,153,0,61200,0,0,0,61200
CAMP1202,organic,2025-09-12,2025-09-15,11101,45-54,CREATIVE445,47321,1314,325,163,122,0,48800,0,0,0,48800
CAMP1203,facebook,2025-07-12,2025-09-01,11030,35-44,CREATIVE846,23672,504,79,55,50,7412,32500,94,148,4.38,25088
CAMP1204,referral,2025-09-14,2025-09-05,07302,45-54,CREATIVE321,9383,370,155,78,59,0,23600,0,0,0,23600
CAMP1205,tiktok,2025-09-02,2025-09-29,90210,55+,CREATIVE363,22230,867,79,55,50,9401,32500,119,188,3.46,23099
CAMP1206,organic,2025-07-22,2025-09-05,11101,25-34,CREATIVE265,19116,823,257,129,97,0,38800,0,0,0,38800
CAMP1207,facebook,2025-07-23,2025-09-15,11030,35-44,CREATIVE752,1755,47,8,6,5,650,3250,81,130,5,2600
CAMP1208,tiktok,2025-09-06,2025-09-14,10021,25-34,CREATIVE902,20137,950,76,53,48,11301,31200,149,235,2.76,19899
CAMP1209,organic,2025-09-17,2025-09-02,10021,25-34,CREATIVE593,37540,1871,668,468,421,0,273650,0,0,0,273650
CAMP1210,facebook,2025-08-01,2025-09-26,07302,55+,CREATIVE889,20854,615,103,52,39,8654,15600,84,222,1.8,6946
CAMP1211,facebook,2025-09-21,2025-09-11,10021,45-54,CREATIVE887,31083,769,143,100,90,11832,58500,83,131,4.94,46668
CAMP1212,tiktok,2025-09-06,2025-09-06,11030,55+,CREATIVE858,5511,119,11,8,7,1477,4550,134,211,3.08,3073
CAMP1213,organic,2025-08-25,2025-09-16,11101,35-44,CREATIVE950,13385,228,65,33,25,0,10000,0,0,0,10000
CAMP1214,google,2025-09-29,2025-09-28,11101,55+,CREATIVE298,21468,1280,225,113,85,32187,34000,143,379,1.06,1813
CAMP1215,tiktok,2025-08-04,2025-09-20,11030,45-54,CREATIVE436,26971,321,34,24,22,4148,14300,122,189,3.45,10152
CAMP1216,instagram,2025-07-13,2025-09-30,90210,55+,CREATIVE468,2263,86,12,8,7,1609,4550,134,230,2.83,2941
CAMP1217,referral,2025-08-23,2025-09-21,11101,35-44,CREATIVE189,22548,592,283,142,107,0,42800,0,0,0,42800
CAMP1218,organic,2025-09-05,2025-09-21,90210,35-44,CREATIVE105,8569,149,38,27,24,0,15600,0,0,0,15600
CAMP1219,tiktok,2025-09-25,2025-09-28,10021,45-54,CREATIVE426,48589,2406,285,200,180,29348,117000,103,163,3.99,87652
CAMP1220,instagram,2025-08-04,2025-09-15,07302,55+,CREATIVE862,35352,1029,136,68,51,16783,20400,123,329,1.22,3617
CAMP1221,email,2025-08-04,2025-09-11,11030,25-34,CREATIVE297,11976,350,132,92,83,700,53950,5,8,77.1,53250
CAMP1222,google,2025-07-25,2025-09-24,11101,35-44,CREATIVE624,49096,2357,478,239,179,54443,71600,114,304,1.32,17157
CAMP1223,facebook,2025-09-23,2025-09-07,11030,25-34,CREATIVE454,36463,463,89,62,56,7600,36400,85,136,4.79,28800
CAMP1224,email,2025-09-16,2025-09-10,10021,45-54,CREATIVE158,42974,695,265,186,167,1274,108550,5,8,85.23,107276
CAMP1225,referral,2025-08-03,2025-09-09,10021,35-44,CREATIVE768,36095,896,386,270,243,0,157950,0,0,0,157950
CAMP1226,google,2025-08-17,2025-09-23,10453,45-54,CREATIVE665,27215,475,98,49,37,12990,14800,133,351,1.14,1810
CAMP1227,google,2025-08-16,2025-09-24,11101,55+,CREATIVE850,3074,175,32,16,12,4155,4800,130,346,1.16,645
CAMP1228,instagram,2025-07-15,2025-09-11,11101,35-44,CREATIVE210,10239,341,61,31,23,6515,9200,107,283,1.41,2685
CAMP1229,email,2025-07-03,2025-09-13,90210,25-34,CREATIVE268,4750,84,34,24,22,156,14300,5,7,91.4,14144
CAMP1230,tiktok,2025-07-22,2025-09-15,11030,45-54,CREATIVE544,42892,1056,85,59,53,12430,34450,146,235,2.77,22020
CAMP1231,google,2025-08-09,2025-09-28,11211,25-34,CREATIVE837,47117,777,178,89,67,21142,26800,119,316,1.27,5658
CAMP1232,referral,2025-08-12,2025-09-03,11211,55+,CREATIVE459,7163,201,91,46,35,0,14000,0,0,0,14000
CAMP1233,tiktok,2025-09-07,2025-08-31,10453,45-54,CREATIVE142,35894,1549,130,65,49,18004,19600,138,367,1.09,1596
CAMP1234,google,2025-09-23,2025-09-04,90210,25-34,CREATIVE428,24635,1341,266,186,167,30984,108550,116,186,3.5,77566
CAMP1235,google,2025-08-20,2025-09-30,07302,35-44,CREATIVE394,18830,1273,243,122,92,31178,36800,128,339,1.18,5622
CAMP1236,facebook,2025-08-19,2025-09-06,90210,25-34,CREATIVE146,5713,249,50,35,32,3792,20800,76,119,5.48,17008
CAMP1237,organic,2025-08-29,2025-09-25,11030,25-34,CREATIVE724,37308,411,146,102,92,0,59800,0,0,0,59800
CAMP1238,tiktok,2025-08-17,2025-09-28,11211,45-54,CREATIVE900,34622,1652,143,72,54,21210,21600,148,393,1.02,390
CAMP1239,instagram,2025-09-24,2025-09-18,11101,35-44,CREATIVE234,24575,519,88,44,33,9822,13200,112,298,1.34,3378
CAMP1240,tiktok,2025-08-17,2025-09-22,90210,35-44,CREATIVE182,46053,1930,187,131,118,24935,76700,133,211,3.08,51765
CAMP1241,referral,2025-07-10,2025-09-28,07302,55+,CREATIVE434,8531,118,59,30,23,0,9200,0,0,0,9200
CAMP1242,instagram,2025-08-27,2025-09-21,90210,35-44,CREATIVE346,40051,1750,283,198,178,32278,115700,114,181,3.58,83422
CAMP1243,tiktok,2025-08-23,2025-09-09,11101,35-44,CREATIVE384,38415,1170,129,65,49,14149,19600,110,289,1.39,5451
CAMP1244,facebook,2025-07-17,2025-09-29,07302,45-54,CREATIVE885,17731,562,98,49,37,8965,14800,91,242,1.65,5835
CAMP1245,google,2025-09-01,2025-09-09,10453,55+,CREATIVE376,39734,2042,470,235,176,54614,70400,116,310,1.29,15786
CAMP1246,facebook,2025-07-20,2025-09-07,11211,25-34,CREATIVE242,26637,568,89,45,34,8737,13600,98,257,1.56,4863
CAMP1247,referral,2025-08-26,2025-09-05,11101,35-44,CREATIVE741,12399,568,300,150,113,0,45200,0,0,0,45200
CAMP1248,facebook,2025-09-25,2025-09-03,10453,25-34,CREATIVE225,30234,678,109,55,41,9168,16400,84,224,1.79,7232
CAMP1249,facebook,2025-08-10,2025-09-21,11211,45-54,CREATIVE566,10884,429,81,41,31,6131,12400,76,198,2.02,6269
CAMP1250,google,2025-09-19,2025-09-11,11101,55+,CREATIVE995,17088,412,96,48,36,10031,14400,104,279,1.44,4369
CAMP1251,organic,2025-08-22,2025-09-06,10453,45-54,CREATIVE838,20412,912,264,132,99,0,39600,0,0,0,39600
CAMP1252,organic,2025-07-17,2025-08-31,90210,35-44,CREATIVE182,31767,585,198,139,125,0,81250,0,0,0,81250
CAMP1253,referral,2025-07-08,2025-09-27,10453,25-34,CREATIVE103,39729,1526,709,355,266,0,106400,0,0,0,106400
CAMP1254,email,2025-09-15,2025-09-04,11101,45-54,CREATIVE771,43423,1612,474,237,178,3443,71200,7,19,20.68,67757
CAMP1255,facebook,2025-07-27,2025-09-01,07302,35-44,CREATIVE166,20591,376,76,38,29,5117,11600,67,176,2.27,6483
CAMP1256,referral,2025-09-09,2025-09-04,11211,45-54,CREATIVE800,10575,413,190,95,71,0,28400,0,0,0,28400
CAMP1257,referral,2025-08-16,2025-09-30,11211,55+,CREATIVE424,13184,513,252,126,95,0,38000,0,0,0,38000
CAMP1258,tiktok,2025-09-28,2025-09-15,07302,35-44,CREATIVE308,42556,1795,209,105,79,19906,31600,95,252,1.59,11694
CAMP1259,instagram,2025-08-11,2025-09-19,11101,45-54,CREATIVE839,29305,720,109,55,41,14005,16400,128,342,1.17,2395
CAMP1260,organic,2025-07-22,2025-09-05,07302,35-44,CREATIVE573,21243,233,75,38,29,0,11600,0,0,0,11600
CAMP1261,facebook,2025-09-27,2025-09-17,10021,55+,CREATIVE626,36337,1049,176,123,111,15953,72150,91,144,4.52,56197
CAMP1262,email,2025-09-03,2025-09-04,90210,35-44,CREATIVE280,21255,707,221,155,140,1372,91000,6,10,66.35,89628
CAMP1263,referral,2025-09-05,2025-09-22,07302,25-34,CREATIVE611,25817,635,301,151,113,0,45200,0,0,0,45200
CAMP1264,organic,2025-07-09,2025-09-15,10453,35-44,CREATIVE652,9107,319,95,48,36,0,14400,0,0,0,14400
CAMP1265,email,2025-09-04,2025-09-15,07302,35-44,CREATIVE573,6693,241,89,45,34,434,13600,5,13,31.33,13166
CAMP1266,tiktok,2025-07-10,2025-09-27,10021,55+,CREATIVE764,30159,793,69,48,43,8780,27950,127,204,3.18,19170
CAMP1267,referral,2025-08-01,2025-09-14,11030,35-44,CREATIVE971,25768,572,232,162,146,0,94900,0,0,0,94900
CAMP1268,tiktok,2025-09-28,2025-09-03,10453,35-44,CREATIVE164,27408,1064,113,57,43,13402,17200,119,312,1.28,3798
CAMP1269,google,2025-08-06,2025-09-06,90210,25-34,CREATIVE573,29403,1220,299,209,188,30610,122200,102,163,3.99,91590
CAMP1270,google,2025-09-10,2025-09-15,11030,25-34,CREATIVE459,11275,463,115,81,73,10634,47450,92,146,4.46,36816
CAMP1271,referral,2025-07-27,2025-09-12,11030,45-54,CREATIVE142,10705,187,75,53,48,0,31200,0,0,0,31200
CAMP1272,referral,2025-09-28,2025-09-17,07302,55+,CREATIVE647,32586,606,278,139,104,0,41600,0,0,0,41600
CAMP1273,tiktok,2025-07-05,2025-09-28,11101,35-44,CREATIVE423,42774,1196,124,62,47,13987,18800,113,298,1.34,4813
CAMP1274,referral,2025-08-29,2025-09-01,10021,25-34,CREATIVE773,16076,228,94,66,59,0,38350,0,0,0,38350
CAMP1275,google,2025-07-16,2025-09-20,07302,45-54,CREATIVE574,11742,576,136,68,51,14066,20400,103,276,1.45,6334
CAMP1276,facebook,2025-09-22,2025-09-25,11030,45-54,CREATIVE969,30015,951,194,136,122,13367,79300,69,110,5.93,65933
CAMP1277,email,2025-07-13,2025-09-24,11211,45-54,CREATIVE490,21571,924,293,147,110,1690,44000,6,15,26.03,42310
CAMP1278,instagram,2025-08-17,2025-09-20,11211,55+,CREATIVE551,12208,518,92,46,35,8964,14000,97,256,1.56,5036
CAMP1279,organic,2025-07-10,2025-09-20,11101,25-34,CREATIVE971,31881,877,306,153,115,0,46000,0,0,0,46000
CAMP1280,facebook,2025-09-05,2025-09-19,07302,45-54,CREATIVE925,20599,821,123,62,47,12746,18800,104,271,1.48,6054
CAMP1281,referral,2025-07-10,2025-09-10,10021,35-44,CREATIVE553,20132,259,133,93,84,0,54600,0,0,0,54600
CAMP1282,google,2025-09-21,2025-09-21,10453,45-54,CREATIVE184,24187,1354,353,177,133,33352,53200,94,251,1.6,19848
CAMP1283,tiktok,2025-09-04,2025-09-14,07302,55+,CREATIVE161,7089,168,18,9,7,2062,2800,115,295,1.36,738
CAMP1284,instagram,2025-07-30,2025-09-02,11211,25-34,CREATIVE151,37627,1392,206,103,77,24883,30800,121,323,1.24,5917
CAMP1285,tiktok,2025-07-14,2025-09-02,10453,35-44,CREATIVE285,6581,239,27,14,11,2856,4400,106,260,1.54,1544
CAMP1286,organic,2025-09-19,2025-09-04,10021,45-54,CREATIVE968,25271,391,136,95,86,0,55900,0,0,0,55900
CAMP1287,email,2025-08-05,2025-08-31,11101,45-54,CREATIVE129,20971,763,288,144,108,1652,43200,6,15,26.14,41548
CAMP1288,referral,2025-09-04,2025-09-27,11211,25-34,CREATIVE951,9620,268,97,49,37,0,14800,0,0,0,14800
CAMP1289,facebook,2025-08-25,2025-09-05,07302,35-44,CREATIVE649,2320,80,12,6,5,1104,2000,92,221,1.81,896
CAMP1290,google,2025-09-18,2025-09-16,90210,25-34,CREATIVE582,22171,1267,270,189,170,29498,110500,109,174,3.75,81002
CAMP1291,tiktok,2025-07-27,2025-09-04,07302,35-44,CREATIVE943,6774,255,22,11,8,3366,3200,153,421,0.95,-166
CAMP1292,tiktok,2025-09-26,2025-09-16,10021,35-44,CREATIVE531,49235,2334,239,167,150,26414,97500,111,176,3.69,71086
CAMP1293,referral,2025-08-12,2025-09-08,07302,45-54,CREATIVE433,20267,820,424,212,159,0,63600,0,0,0,63600
CAMP1294,referral,2025-08-17,2025-09-02,90210,45-54,CREATIVE383,27772,1085,479,335,302,0,196300,0,0,0,196300
CAMP1295,tiktok,2025-08-04,2025-09-25,11101,35-44,CREATIVE753,21412,295,31,16,12,3385,4800,109,282,1.42,1415
CAMP1296,tiktok,2025-07-08,2025-09-08,07302,25-34,CREATIVE576,28731,662,70,35,26,7254,10400,104,279,1.43,3146
CAMP1297,referral,2025-09-13,2025-08-31,11030,25-34,CREATIVE363,18453,601,289,202,182,0,118300,0,0,0,118300
CAMP1298,tiktok,2025-08-20,2025-09-09,10453,45-54,CREATIVE951,41177,430,43,22,17,4827,6800,112,284,1.41,1973
CAMP1299,email,2025-09-19,2025-09-11,10453,55+,CREATIVE753,13506,630,201,101,76,1141,30400,6,15,26.64,29259
CAMP1300,organic,2025-08-24,2025-09-14,11030,35-44,CREATIVE572,43868,564,189,132,119,0,77350,0,0,0,77350
CAMP1301,instagram,2025-07-22,2025-09-16,07302,55+,CREATIVE111,43497,1744,248,124,93,29198,37200,118,314,1.27,8002
CAMP1302,referral,2025-09-28,2025-09-02,11101,35-44,CREATIVE235,48999,2282,1052,526,395,0,158000,0,0,0,158000
CAMP1303,tiktok,2025-08-23,2025-09-23,10453,25-34,CREATIVE254,36641,1330,138,69,52,16582,20800,120,319,1.25,4218
CAMP1304,email,2025-07-24,2025-09-10,11030,55+,CREATIVE929,12852,326,93,65,59,706,38350,8,12,54.35,37644
CAMP1305,organic,2025-07-31,2025-09-18,11101,45-54,CREATIVE991,11279,438,129,65,49,0,19600,0,0,0,19600
CAMP1306,tiktok,2025-09-23,2025-09-17,11101,45-54,CREATIVE702,43656,2123,208,104,78,23325,31200,112,299,1.34,7875
CAMP1307,referral,2025-07-28,2025-09-14,11030,45-54,CREATIVE741,39374,1476,645,451,406,0,263900,0,0,0,263900
CAMP1308,referral,2025-07-24,2025-09-25,11211,35-44,CREATIVE918,48553,910,398,199,149,0,59600,0,0,0,59600
CAMP1309,email,2025-07-20,2025-09-09,10021,35-44,CREATIVE362,47402,729,297,208,187,1422,121550,5,8,85.48,120128
CAMP1310,tiktok,2025-08-31,2025-09-22,07302,35-44,CREATIVE748,41991,1085,108,54,41,13411,16400,124,327,1.22,2989
CAMP1311,facebook,2025-09-22,2025-09-03,07302,55+,CREATIVE132,20204,854,161,81,61,12778,24400,79,209,1.91,11622
CAMP1312,instagram,2025-09-29,2025-09-10,11030,25-34,CREATIVE193,24101,451,59,41,37,8208,24050,139,222,2.93,15842
CAMP1313,tiktok,2025-07-18,2025-09-23,07302,25-34,CREATIVE529,47162,1665,134,67,50,19189,20000,143,384,1.04,811
CAMP1314,facebook,2025-07-07,2025-09-29,11211,35-44,CREATIVE947,9636,199,39,20,15,3262,6000,84,217,1.84,2738
CAMP1315,instagram,2025-08-05,2025-09-08,07302,25-34,CREATIVE560,3347,162,28,14,11,3016,4400,108,274,1.46,1384
CAMP1316,facebook,2025-07-14,2025-09-30,11211,25-34,CREATIVE314,15419,558,116,58,44,8658,17600,75,197,2.03,8942
CAMP1317,facebook,2025-09-20,2025-09-06,90210,45-54,CREATIVE222,27749,866,142,99,89,12532,57850,88,141,4.62,45318
CAMP1318,facebook,2025-07-07,2025-09-08,90210,45-54,CREATIVE630,13068,165,33,23,21,2429,13650,74,116,5.62,11221
CAMP1319,organic,2025-07-03,2025-09-26,90210,45-54,CREATIVE926,21785,654,166,116,104,0,67600,0,0,0,67600
CAMP1320,facebook,2025-08-04,2025-08-31,10021,25-34,CREATIVE939,12004,530,108,76,68,8158,44200,76,120,5.42,36042
CAMP1321,tiktok,2025-08-24,2025-09-15,07302,55+,CREATIVE334,23247,488,43,22,17,6192,6800,144,364,1.1,608
CAMP1322,referral,2025-08-23,2025-08-31,11030,45-54,CREATIVE886,43477,1284,560,392,353,0,229450,0,0,0,229450
CAMP1323,organic,2025-07-02,2025-09-22,11211,25-34,CREATIVE895,2895,113,39,20,15,0,6000,0,0,0,6000
CAMP1324,email,2025-09-21,2025-09-03,11101,45-54,CREATIVE189,41313,1219,418,209,157,2407,62800,6,15,26.09,60393
CAMP1325,tiktok,2025-09-20,2025-09-16,11101,45-54,CREATIVE343,17882,576,54,27,20,7388,8000,137,369,1.08,612
CAMP1326,tiktok,2025-09-14,2025-09-28,11211,55+,CREATIVE605,46136,1755,190,95,71,19622,28400,103,276,1.45,8778
CAMP1327,instagram,2025-07-31,2025-09-13,10453,25-34,CREATIVE547,15866,755,121,61,46,12236,18400,101,266,1.5,6164
CAMP1328,instagram,2025-07-15,2025-09-22,90210,45-54,CREATIVE259,31010,1457,199,139,125,24575,81250,123,197,3.31,56675
CAMP1329,facebook,2025-07-03,2025-09-09,11101,25-34,CREATIVE208,39292,570,91,46,35,9148,14000,101,261,1.53,4852
CAMP1330,email,2025-09-15,2025-09-16,11211,35-44,CREATIVE782,43714,1598,665,333,250,3110,100000,5,12,32.16,96890
CAMP1331,tiktok,2025-08-07,2025-09-03,11211,25-34,CREATIVE265,42505,1717,141,71,53,20785,21200,147,392,1.02,415
CAMP1332,facebook,2025-07-05,2025-09-21,10453,35-44,CREATIVE989,30366,965,150,75,56,13895,22400,93,248,1.61,8505
CAMP1333,referral,2025-09-16,2025-09-12,07302,35-44,CREATIVE447,6185,84,40,20,15,0,6000,0,0,0,6000
CAMP1334,referral,2025-07-02,2025-09-09,90210,25-34,CREATIVE720,43804,1436,682,477,429,0,278850,0,0,0,278850
CAMP1335,tiktok,2025-08-26,2025-09-22,10453,45-54,CREATIVE628,16334,250,22,11,8,2728,3200,124,341,1.17,472
CAMP1336,google,2025-08-29,2025-09-17,11030,35-44,CREATIVE230,25170,394,98,69,62,9890,40300,101,160,4.07,30410
CAMP1337,instagram,2025-07-15,2025-09-24,11030,35-44,CREATIVE311,32536,846,123,86,77,15244,50050,124,198,3.28,34806
CAMP1338,referral,2025-08-26,2025-09-17,10021,35-44,CREATIVE214,5187,232,123,86,77,0,50050,0,0,0,50050
CAMP1339,email,2025-07-14,2025-09-18,10021,35-44,CREATIVE597,11301,494,188,132,119,921,77350,5,8,84.02,76429
CAMP1340,google,2025-09-24,2025-09-22,11101,55+,CREATIVE421,42682,2723,626,313,235,73112,94000,117,311,1.29,20888
CAMP1341,instagram,2025-07-17,2025-09-07,11101,55+,CREATIVE238,39454,1755,290,145,109,33315,43600,115,306,1.31,10285
CAMP1342,organic,2025-08-29,2025-09-20,07302,45-54,CREATIVE827,10880,442,145,73,55,0,22000,0,0,0,22000
CAMP1343,email,2025-09-13,2025-09-16,10453,45-54,CREATIVE530,1640,61,19,10,8,117,3200,6,15,27.29,3083
CAMP1344,email,2025-09-09,2025-09-17,07302,55+,CREATIVE874,16281,301,117,59,44,569,17600,5,13,30.91,17031
CAMP1345,facebook,2025-07-05,2025-09-02,07302,55+,CREATIVE126,19897,831,161,81,61,12621,24400,78,207,1.93,11779
CAMP1346,instagram,2025-09-02,2025-09-20,10021,55+,CREATIVE985,2418,85,15,11,10,1597,6500,106,160,4.07,4903
CAMP1347,referral,2025-09-13,2025-09-08,10021,35-44,CREATIVE640,35062,686,353,247,222,0,144300,0,0,0,144300
CAMP1348,tiktok,2025-09-23,2025-09-20,10021,45-54,CREATIVE553,39700,1944,233,163,147,21426,95550,92,146,4.46,74124
CAMP1349,tiktok,2025-08-08,2025-09-19,10021,35-44,CREATIVE339,5471,193,17,12,11,2266,7150,133,206,3.15,4884
CAMP1350,tiktok,2025-07-08,2025-09-15,11101,35-44,CREATIVE210,19147,798,70,35,26,10123,10400,145,389,1.03,277
CAMP1351,organic,2025-08-23,2025-09-07,10453,45-54,CREATIVE655,21855,745,227,114,86,0,34400,0,0,0,34400
CAMP1352,organic,2025-08-24,2025-09-07,90210,55+,CREATIVE303,40012,1578,418,293,264,0,171600,0,0,0,171600
CAMP1353,email,2025-08-23,2025-09-05,10021,35-44,CREATIVE414,46254,1834,599,419,377,3850,245050,6,10,63.64,241200
CAMP1354,google,2025-09-18,2025-09-05,11101,35-44,CREATIVE476,33355,615,155,78,59,15801,23600,102,268,1.49,7799
CAMP1355,organic,2025-09-03,2025-09-12,10021,25-34,CREATIVE434,5533,115,30,21,19,0,12350,0,0,0,12350
CAMP1356,instagram,2025-09-21,2025-09-22,11101,35-44,CREATIVE503,38584,1110,181,91,68,21116,27200,117,311,1.29,6084
CAMP1357,referral,2025-08-02,2025-09-20,10453,35-44,CREATIVE520,5511,103,45,23,17,0,6800,0,0,0,6800
CAMP1358,instagram,2025-09-20,2025-09-15,11030,55+,CREATIVE244,34605,1315,197,138,124,21868,80600,111,176,3.69,58732
CAMP1359,email,2025-09-07,2025-09-07,10021,35-44,CREATIVE403,16935,798,312,218,196,1697,127400,5,9,75.07,125703
CAMP1360,organic,2025-09-19,2025-09-26,07302,45-54,CREATIVE850,11596,522,163,82,62,0,24800,0,0,0,24800
CAMP1361,tiktok,2025-09-11,2025-09-23,10453,25-34,CREATIVE522,16471,347,39,20,15,4364,6000,112,291,1.37,1636
CAMP1362,email,2025-07-04,2025-09-18,10021,25-34,CREATIVE102,4616,110,42,29,26,209,16900,5,8,80.87,16691
CAMP1363,organic,2025-07-07,2025-09-29,11030,45-54,CREATIVE565,22759,1052,309,216,194,0,126100,0,0,0,126100
CAMP1364,facebook,2025-07-18,2025-09-20,90210,45-54,CREATIVE712,13674,601,118,83,75,9522,48750,81,127,5.12,39228
CAMP1365,google,2025-08-19,2025-09-16,07302,25-34,CREATIVE292,46302,3035,768,384,288,74292,115200,97,258,1.55,40908
CAMP1366,instagram,2025-08-11,2025-09-29,90210,55+,CREATIVE987,26119,455,59,41,37,7651,24050,130,207,3.14,16399
CAMP1367,instagram,2025-09-17,2025-09-05,10021,25-34,CREATIVE315,37785,1312,171,120,108,23126,70200,135,214,3.04,47074
CAMP1368,email,2025-07-10,2025-09-30,10021,25-34,CREATIVE578,34565,1534,610,427,384,3034,249600,5,8,82.26,246566
CAMP1369,referral,2025-07-09,2025-09-17,11211,25-34,CREATIVE523,29597,1398,590,295,221,0,88400,0,0,0,88400
CAMP1370,facebook,2025-08-16,2025-09-10,90210,45-54,CREATIVE933,19209,488,95,67,60,7520,39000,79,125,5.19,31480
CAMP1371,referral,2025-09-25,2025-09-01,10453,55+,CREATIVE527,47927,2092,930,465,349,0,139600,0,0,0,139600
CAMP1372,tiktok,2025-08-16,2025-09-11,10453,25-34,CREATIVE777,26274,510,41,21,16,6407,6400,156,400,1,-7
CAMP1373,organic,2025-09-15,2025-09-13,10021,45-54,CREATIVE600,7111,271,77,54,49,0,31850,0,0,0,31850
CAMP1374,organic,2025-08-22,2025-09-21,11101,45-54,CREATIVE848,38102,1525,533,267,200,0,80000,0,0,0,80000
CAMP1375,google,2025-08-11,2025-09-19,10453,25-34,CREATIVE622,44455,737,150,75,56,19230,22400,128,343,1.16,3170
CAMP1376,organic,2025-07-15,2025-09-21,07302,45-54,CREATIVE262,17841,846,259,130,98,0,39200,0,0,0,39200
CAMP1377,tiktok,2025-08-18,2025-09-09,07302,55+,CREATIVE584,41040,574,46,23,17,6989,6800,152,411,0.97,-189
CAMP1378,organic,2025-09-14,2025-09-16,07302,25-34,CREATIVE444,6571,231,63,32,24,0,9600,0,0,0,9600
CAMP1379,referral,2025-09-03,2025-09-03,10021,55+,CREATIVE204,9405,286,154,108,97,0,63050,0,0,0,63050
CAMP1380,referral,2025-09-12,2025-09-23,11030,45-54,CREATIVE809,20555,239,118,83,75,0,48750,0,0,0,48750
CAMP1381,instagram,2025-08-23,2025-09-06,11101,45-54,CREATIVE946,41979,1738,237,119,89,33821,35600,143,380,1.05,1779
CAMP1382,tiktok,2025-07-18,2025-09-22,10453,55+,CREATIVE692,44707,915,96,48,36,10401,14400,108,289,1.38,3999
CAMP1383,tiktok,2025-07-14,2025-09-20,10021,55+,CREATIVE275,42003,1355,159,111,100,15127,65000,95,151,4.3,49873
CAMP1384,instagram,2025-08-30,2025-09-22,10021,35-44,CREATIVE525,34368,778,97,68,61,14967,39650,154,245,2.65,24683
CAMP1385,email,2025-08-30,2025-09-02,11211,55+,CREATIVE970,8086,398,115,58,44,769,17600,7,17,22.9,16831
CAMP1386,referral,2025-08-31,2025-09-04,90210,35-44,CREATIVE235,4671,228,113,79,71,0,46150,0,0,0,46150
CAMP1387,instagram,2025-07-30,2025-09-01,90210,55+,CREATIVE867,25534,418,59,41,37,7171,24050,122,194,3.35,16879
CAMP1388,facebook,2025-07-27,2025-09-28,11101,35-44,CREATIVE343,44203,2074,323,162,122,28052,48800,87,230,1.74,20748
CAMP1389,facebook,2025-07-31,2025-09-04,11030,45-54,CREATIVE445,2884,58,9,6,5,797,3250,89,159,4.08,2453
CAMP1390,organic,2025-09-18,2025-09-20,11030,35-44,CREATIVE831,8074,378,119,83,75,0,48750,0,0,0,48750
CAMP1391,facebook,2025-08-15,2025-09-19,11030,25-34,CREATIVE252,34658,744,160,112,101,11251,65650,70,111,5.84,54399
CAMP1392,referral,2025-08-19,2025-09-17,07302,55+,CREATIVE100,4247,76,28,14,11,0,4400,0,0,0,4400
CAMP1393,instagram,2025-07-12,2025-09-13,90210,55+,CREATIVE533,12084,491,81,57,51,7973,33150,98,156,4.16,25177
CAMP1394,email,2025-08-09,2025-09-05,10021,55+,CREATIVE826,23818,1167,401,281,253,2462,164450,6,10,66.79,161988
CAMP1395,google,2025-08-18,2025-09-10,10453,55+,CREATIVE477,11594,602,128,64,48,14978,19200,117,312,1.28,4222
CAMP1396,email,2025-07-15,2025-09-29,07302,55+,CREATIVE241,4166,160,61,31,23,340,9200,6,15,27.08,8860
CAMP1397,instagram,2025-09-02,2025-09-07,10453,25-34,CREATIVE162,14338,169,24,12,9,2896,3600,121,322,1.24,704
CAMP1398,referral,2025-08-08,2025-09-12,11030,35-44,CREATIVE749,22341,349,164,115,104,0,67600,0,0,0,67600
CAMP1399,facebook,2025-07-05,2025-09-20,90210,45-54,CREATIVE889,35828,364,65,46,41,5164,26650,79,126,5.16,21486
CAMP1400,email,2025-08-09,2025-09-21,10453,45-54,CREATIVE797,16484,517,165,83,62,1104,24800,7,18,22.47,23696
CAMP1401,tiktok,2025-07-10,2025-09-24,11101,35-44,CREATIVE670,31057,1154,122,61,46,13848,18400,114,301,1.33,4552
CAMP1402,referral,2025-08-07,2025-09-25,11211,45-54,CREATIVE577,8284,372,185,93,70,0,28000,0,0,0,28000
CAMP1403,google,2025-09-22,2025-09-27,07302,55+,CREATIVE457,46790,1840,408,204,153,48958,61200,120,320,1.25,12242
CAMP1404,tiktok,2025-08-18,2025-09-24,11101,35-44,CREATIVE709,10961,338,35,18,14,3770,5600,108,269,1.49,1830
CAMP1405,facebook,2025-09-24,2025-09-06,11101,45-54,CREATIVE301,37114,625,106,53,40,9433,16000,89,236,1.7,6567
CAMP1406,tiktok,2025-09-04,2025-09-14,07302,45-54,CREATIVE576,30229,1456,159,80,60,16656,24000,105,278,1.44,7344
CAMP1407,organic,2025-09-03,2025-09-27,11101,45-54,CREATIVE584,20389,835,253,127,95,0,38000,0,0,0,38000
CAMP1408,instagram,2025-09-20,2025-09-29,10021,35-44,CREATIVE377,15328,587,103,72,65,11192,42250,109,172,3.77,31058
CAMP1409,facebook,2025-09-12,2025-09-15,07302,55+,CREATIVE234,17484,788,152,76,57,12551,22800,83,220,1.82,10249
CAMP1410,referral,2025-07-10,2025-09-06,10453,25-34,CREATIVE370,23500,429,231,116,87,0,34800,0,0,0,34800
CAMP1411,email,2025-08-20,2025-09-03,10021,25-34,CREATIVE124,35942,1462,443,310,279,3019,181350,7,11,60.07,178331
CAMP1412,organic,2025-09-06,2025-09-28,11211,25-34,CREATIVE949,34545,1646,581,291,218,0,87200,0,0,0,87200
CAMP1413,google,2025-08-10,2025-09-02,11101,25-34,CREATIVE247,33031,1958,437,219,164,49881,65600,114,304,1.32,15719
CAMP1414,instagram,2025-08-13,2025-09-10,10021,25-34,CREATIVE967,12907,484,79,55,50,9324,32500,118,186,3.49,23176
CAMP1415,instagram,2025-08-16,2025-09-11,10021,55+,CREATIVE967,14852,466,66,46,41,8225,26650,125,201,3.24,18425
CAMP1416,organic,2025-08-21,2025-09-26,11101,45-54,CREATIVE421,22237,832,292,146,110,0,44000,0,0,0,44000
CAMP1417,email,2025-09-21,2025-09-24,10453,35-44,CREATIVE307,19941,751,310,155,116,1645,46400,5,14,28.2,44755
CAMP1418,facebook,2025-08-08,2025-09-25,10453,55+,CREATIVE206,29184,831,134,67,50,13474,20000,101,269,1.48,6526
CAMP1419,email,2025-08-18,2025-09-01,90210,45-54,CREATIVE481,30260,489,146,102,92,944,59800,6,10,63.32,58856
CAMP1420,tiktok,2025-09-27,2025-09-14,10453,25-34,CREATIVE290,41881,789,73,37,28,10410,11200,143,372,1.08,790
CAMP1421,organic,2025-07-08,2025-09-23,90210,55+,CREATIVE352,26220,562,202,141,127,0,82550,0,0,0,82550
CAMP1422,google,2025-09-25,2025-08-31,90210,35-44,CREATIVE734,44919,2667,666,466,419,66753,272350,100,159,4.08,205597
CAMP1423,referral,2025-08-16,2025-09-14,11101,55+,CREATIVE425,25132,1171,615,308,231,0,92400,0,0,0,92400
CAMP1424,email,2025-07-16,2025-09-20,11101,55+,CREATIVE443,17257,676,248,124,93,1476,37200,6,16,25.2,35724
CAMP1425,email,2025-08-25,2025-09-15,10021,35-44,CREATIVE483,34111,522,161,113,102,1094,66300,7,11,60.58,65206
CAMP1426,google,2025-08-29,2025-09-04,11101,45-54,CREATIVE391,49961,1844,428,214,161,45047,64400,105,280,1.43,19353
CAMP1427,email,2025-07-03,2025-09-05,10453,35-44,CREATIVE345,20506,679,214,107,80,1244,32000,6,16,25.71,30756
CAMP1428,organic,2025-09-14,2025-09-29,07302,35-44,CREATIVE249,16906,742,245,123,92,0,36800,0,0,0,36800
CAMP1429,facebook,2025-08-01,2025-09-22,10021,35-44,CREATIVE905,24942,751,114,80,72,10851,46800,95,151,4.31,35949
CAMP1430,referral,2025-07-15,2025-09-22,11030,55+,CREATIVE803,22062,967,515,361,325,0,211250,0,0,0,211250
CAMP1431,tiktok,2025-08-25,2025-09-11,10453,45-54,CREATIVE895,47142,1450,161,81,61,16879,24400,105,277,1.45,7521
CAMP1432,facebook,2025-08-10,2025-09-20,07302,25-34,CREATIVE980,49080,1292,224,112,84,20544,33600,92,245,1.64,13056
CAMP1433,facebook,2025-08-21,2025-09-28,10021,25-34,CREATIVE429,31502,1229,249,174,157,17032,102050,68,108,5.99,85018
CAMP1434,organic,2025-09-29,2025-09-20,10021,35-44,CREATIVE688,25157,918,238,167,150,0,97500,0,0,0,97500
CAMP1435,tiktok,2025-07-05,2025-09-29,10021,25-34,CREATIVE422,8621,386,40,28,25,4327,16250,108,173,3.76,11923
CAMP1436,google,2025-07-15,2025-09-20,07302,35-44,CREATIVE118,34627,2170,539,270,203,56141,81200,104,277,1.45,25059
CAMP1437,google,2025-09-27,2025-09-09,10021,35-44,CREATIVE172,41331,2449,583,408,367,57941,238550,99,158,4.12,180609
CAMP1438,referral,2025-07-21,2025-09-21,10021,25-34,CREATIVE989,11735,454,206,144,130,0,84500,0,0,0,84500
CAMP1439,google,2025-08-05,2025-09-12,11030,55+,CREATIVE140,28462,1541,334,234,211,41064,137150,123,195,3.34,96086
CAMP1440,tiktok,2025-07-28,2025-09-01,11030,45-54,CREATIVE411,17634,315,33,23,21,4138,13650,125,197,3.3,9512
CAMP1441,facebook,2025-08-31,2025-09-19,90210,35-44,CREATIVE174,36798,1672,264,185,167,22887,108550,87,137,4.74,85663
CAMP1442,email,2025-09-09,2025-09-11,11030,45-54,CREATIVE361,13812,237,74,52,47,519,30550,7,11,58.88,30031
CAMP1443,email,2025-09-03,2025-09-11,07302,45-54,CREATIVE248,35326,705,263,132,99,1364,39600,5,14,29.03,38236
CAMP1444,email,2025-08-23,2025-09-21,10453,55+,CREATIVE285,9431,339,112,56,42,658,16800,6,16,25.54,16142
CAMP1445,referral,2025-09-22,2025-09-16,11101,45-54,CREATIVE567,45472,999,456,228,171,0,68400,0,0,0,68400
CAMP1446,organic,2025-09-06,2025-09-10,10453,45-54,CREATIVE750,24018,463,145,73,55,0,22000,0,0,0,22000
CAMP1447,referral,2025-08-07,2025-09-17,11030,35-44,CREATIVE312,14141,440,181,127,114,0,74100,0,0,0,74100
CAMP1448,facebook,2025-08-29,2025-08-31,10021,35-44,CREATIVE185,36606,1704,295,207,186,27989,120900,95,150,4.32,92911
CAMP1449,tiktok,2025-08-16,2025-09-29,11211,55+,CREATIVE407,48252,2134,246,123,92,27598,36800,112,300,1.33,9202
CAMP1450,referral,2025-09-13,2025-09-23,11101,55+,CREATIVE339,14533,349,167,84,63,0,25200,0,0,0,25200
CAMP1451,facebook,2025-08-04,2025-08-31,11211,45-54,CREATIVE604,26451,447,79,40,30,6204,12000,79,207,1.93,5796
CAMP1452,email,2025-08-03,2025-09-13,11101,55+,CREATIVE294,30931,1386,520,260,195,2663,78000,5,14,29.29,75337
CAMP1453,organic,2025-07-28,2025-09-27,90210,55+,CREATIVE898,9277,108,29,20,18,0,11700,0,0,0,11700
CAMP1454,facebook,2025-07-19,2025-09-11,07302,25-34,CREATIVE895,19955,328,52,26,20,4674,8000,90,234,1.71,3326
CAMP1455,referral,2025-09-13,2025-09-25,10453,35-44,CREATIVE439,33989,786,367,184,138,0,55200,0,0,0,55200
CAMP1456,referral,2025-09-07,2025-09-07,11101,25-34,CREATIVE473,13501,561,211,106,80,0,32000,0,0,0,32000
CAMP1457,organic,2025-09-25,2025-09-01,07302,45-54,CREATIVE434,15912,543,174,87,65,0,26000,0,0,0,26000
CAMP1458,facebook,2025-07-24,2025-09-10,07302,25-34,CREATIVE343,22958,388,61,31,23,6069,9200,99,264,1.52,3131
CAMP1459,google,2025-09-17,2025-09-28,07302,35-44,CREATIVE976,41874,1518,351,176,132,40365,52800,115,306,1.31,12435
CAMP1460,instagram,2025-08-24,2025-09-03,10021,45-54,CREATIVE658,28307,391,67,47,42,6778,27300,101,161,4.03,20522
CAMP1461,email,2025-08-01,2025-09-24,11030,55+,CREATIVE842,21539,406,152,106,95,763,61750,5,8,80.9,60987
CAMP1462,tiktok,2025-08-18,2025-09-13,11030,25-34,CREATIVE264,20985,567,64,45,41,6941,26650,108,169,3.84,19709
CAMP1463,facebook,2025-09-27,2025-09-21,11030,25-34,CREATIVE539,2098,95,14,10,9,1457,5850,104,162,4.02,4393
CAMP1464,instagram,2025-09-10,2025-09-13,10453,35-44,CREATIVE973,13820,400,53,27,20,7379,8000,139,369,1.08,621
CAMP1465,instagram,2025-08-24,2025-09-22,10453,25-34,CREATIVE142,6378,217,28,14,11,4003,4400,143,364,1.1,397
CAMP1466,referral,2025-08-03,2025-09-10,10453,25-34,CREATIVE411,11782,400,215,108,81,0,32400,0,0,0,32400
CAMP1467,organic,2025-07-26,2025-09-08,11030,55+,CREATIVE139,40352,1640,568,398,358,0,232700,0,0,0,232700
CAMP1468,facebook,2025-09-16,2025-09-08,11211,35-44,CREATIVE869,20061,329,62,31,23,4467,9200,72,194,2.06,4733
CAMP1469,instagram,2025-08-12,2025-09-26,10021,35-44,CREATIVE180,36170,1600,282,197,177,27585,115050,98,156,4.17,87465
CAMP1470,organic,2025-09-27,2025-09-10,11101,45-54,CREATIVE351,20912,842,245,123,92,0,36800,0,0,0,36800
CAMP1471,referral,2025-07-26,2025-09-21,07302,25-34,CREATIVE912,29650,322,140,70,53,0,21200,0,0,0,21200
CAMP1472,google,2025-07-30,2025-09-10,07302,25-34,CREATIVE328,22223,1462,346,173,130,36104,52000,104,278,1.44,15896
CAMP1473,referral,2025-09-21,2025-09-03,10453,35-44,CREATIVE397,13544,260,105,53,40,0,16000,0,0,0,16000
CAMP1474,google,2025-09-25,2025-09-02,07302,35-44,CREATIVE892,28042,604,125,63,47,15854,18800,127,337,1.19,2946
CAMP1475,referral,2025-09-06,2025-09-03,11211,45-54,CREATIVE384,7012,349,156,78,59,0,23600,0,0,0,23600
CAMP1476,organic,2025-08-11,2025-09-11,10453,35-44,CREATIVE409,5431,92,26,13,10,0,4000,0,0,0,4000
CAMP1477,instagram,2025-07-30,2025-09-20,90210,25-34,CREATIVE524,8680,319,49,34,31,6009,20150,123,194,3.35,14141
CAMP1478,email,2025-07-15,2025-09-16,11030,35-44,CREATIVE256,27516,902,274,192,173,1857,112450,7,11,60.56,110593
CAMP1479,facebook,2025-08-09,2025-09-17,90210,35-44,CREATIVE399,11042,511,74,52,47,8033,30550,109,171,3.8,22517
CAMP1480,google,2025-08-12,2025-09-01,07302,45-54,CREATIVE694,12406,679,121,61,46,18382,18400,152,400,1,18
CAMP1481,google,2025-07-28,2025-09-20,11211,55+,CREATIVE829,30986,1341,266,133,100,35230,40000,132,352,1.14,4770
CAMP1482,organic,2025-08-18,2025-09-03,10021,55+,CREATIVE581,46010,1039,284,199,179,0,116350,0,0,0,116350
CAMP1483,tiktok,2025-09-17,2025-09-24,11030,35-44,CREATIVE187,45586,489,49,34,31,6041,20150,123,195,3.34,14109
CAMP1484,email,2025-07-20,2025-09-26,90210,45-54,CREATIVE665,48187,2143,880,616,554,4556,360100,5,8,79.04,355544
CAMP1485,google,2025-09-09,2025-09-05,11030,35-44,CREATIVE511,6149,232,45,31,28,6252,18200,139,223,2.91,11948
CAMP1486,referral,2025-09-26,2025-09-02,10021,55+,CREATIVE379,3081,87,43,30,27,0,17550,0,0,0,17550
CAMP1487,instagram,2025-08-07,2025-09-08,10453,45-54,CREATIVE173,20533,965,137,69,52,16901,20800,123,325,1.23,3899
CAMP1488,organic,2025-08-24,2025-09-24,11030,25-34,CREATIVE318,5248,57,15,11,10,0,6500,0,0,0,6500
CAMP1489,referral,2025-09-19,2025-09-09,90210,35-44,CREATIVE571,1800,88,44,31,28,0,18200,0,0,0,18200
CAMP1490,tiktok,2025-09-03,2025-09-04,07302,25-34,CREATIVE286,5614,172,20,10,8,1988,3200,99,248,1.61,1212
CAMP1491,facebook,2025-07-29,2025-09-20,11030,45-54,CREATIVE657,15169,740,135,95,86,12020,55900,89,140,4.65,43880
CAMP1492,tiktok,2025-07-04,2025-09-13,11101,45-54,CREATIVE141,11762,511,59,30,23,6614,9200,112,288,1.39,2586
CAMP1493,referral,2025-07-31,2025-08-31,10021,35-44,CREATIVE579,45618,2218,1089,762,686,0,445900,0,0,0,445900
CAMP1494,email,2025-08-14,2025-09-17,10453,25-34,CREATIVE959,11620,178,62,31,23,322,9200,5,14,28.55,8878
CAMP1495,organic,2025-09-26,2025-09-09,10021,35-44,CREATIVE586,29326,900,239,167,150,0,97500,0,0,0,97500
CAMP1496,organic,2025-08-13,2025-09-07,10453,25-34,CREATIVE484,6686,169,48,24,18,0,7200,0,0,0,7200
CAMP1497,google,2025-08-12,2025-09-29,07302,35-44,CREATIVE388,5796,178,36,18,14,4637,5600,129,331,1.21,963
CAMP1498,google,2025-08-01,2025-09-04,90210,35-44,CREATIVE413,6077,210,54,38,34,5238,22100,97,154,4.22,16862
CAMP1499,facebook,2025-09-10,2025-09-04,11101,45-54,CREATIVE983,46082,794,164,82,62,11014,24800,67,178,2.25,13786